Kooboo CMS,3
Subrion,6
Microsoft SharePoint,2
Adobe Experience Manager,20
Hugo,2
TYPO3 CMS,8
October CMS,9
Vigbo,1
Liferay,6
Jimdo,1
Hippo,3
MODX,10
eZ Publish,8
Koobi,1
Kentico CMS,15
CMS Made Simple,9
MotoCMS,2
SDL Tridion,2
1C-Bitrix,33
Weebly,9
Bolt,3
Orchard CMS,4
Drupal,169
Odoo,2
e107,11
uCoz,33
Sitecore,3
Joomla,607
UMI.CMS,1
Backdrop,1
Squarespace,8
Contao,1
DataLife Engine,218
GetSimple CMS,2
OpenCms,1
Pagekit,1
Tilda,8
WordPress,3696
Concrete5,1
ExpressionEngine,2
ImpressPages,2
Wix,58
