jQuery,8289
Twitter typeahead.js,13
RightJS,1
Hammer.js,161
Backbone.js,72
Lazy.js,9
Snap.svg,22
MooTools,504
Moment.js,219
Immutable.js,1
YUI,19
Underscore.js,188
Vue.js,23
Meteor,2
Prototype,60
Zepto,59
DataTables,17
SweetAlert2,16
Ember.js,2
Riot,1
script.aculo.us,21
jQuery Migrate,1887
Select2,141
React,95
AngularJS,151
Knockout.js,21
SweetAlert,66
SoundManager,14
XRegExp,16
FancyBox,615
Lightbox,738
AlloyUI,6
jQuery UI,1286
math.js,2
Xajax,5
Twitter Flight,2
basket.js,22
TweenMax,160
DHTMLX,1
Slimbox,9
BEM,1
RequireJS,116
Mustache,24
Lo-dash,62
Dojo,9
Fingerprintjs,10
Handlebars,47
RxJS,5
ef.js,2
Modernizr,1479
List.js,30
Marionette.js,7
ExtJS,4
Socket.io,15
prettyPhoto,864
styled-components,2
HeadJS,170
Hogan.js,4
Slimbox 2,26
